{
    "1":[
        [0.136245, 0.021983, -0.014186, -0.021605],
        [0.024570, -0.081658, 0.109432, -0.021097],
        [0.008990, -0.109981, -0.084086, 0.572343],
        [0.000000, 0.000000, 0.000000, 1.000000]
    ],
    "2":[
        [0.126301, -0.001252, -0.023899, 0.003199],
        [0.015220, -0.094865, 0.085403, -0.022485],
        [-0.018469, -0.086740, -0.093058, 0.487261],
        [0.000000, 0.000000, 0.000000, 1.000000]
    ]
}
