{
    "1":[
        [0.091603, -0.003750, 0.057627, -0.063723],
        [-0.043815, -0.074904, 0.064774, -0.064979],
        [0.037618, -0.078110, -0.064880, 0.438700],
        [0.000000, 0.000000, 0.000000, 1.000000]
    ],
    "3":[
        [0.150249, 0.021406, -0.146483, 0.012943],
        [0.100773, -0.167682, 0.078859, -0.087474],
        [-0.108447, -0.126155, -0.129670, 0.483565],
        [0.000000, 0.000000, 0.000000, 1.000000]
    ]
}
