{
    "2":[
        [0.181227, 0.026329, 0.036161, 0.009687],
        [-0.003204, -0.142868, 0.120097, -0.078499],
        [0.044615, -0.117218, -0.138253, 0.481344],
        [0.000000, 0.000000, 0.000000, 1.000000]
    ],
    "3":[
        [0.157945, 0.006439, 0.010979, -0.002604],
        [-0.002884, -0.115000, 0.108975, -0.101085],
        [0.012397, -0.108821, -0.114512, 0.483317],
        [0.000000, 0.000000, 0.000000, 1.000000]
    ]
}
