{
    "1":[
        [0.102571, -0.003751, 0.015909, -0.075571],
        [-0.016110, -0.040293, 0.094366, 0.019629],
        [0.002764, -0.095657, -0.040373, 0.686240],
        [0.000000, 0.000000, 0.000000, 1.000000]
    ],
    "2":[
        [0.102571, -0.003751, 0.015909, -0.075571],
        [-0.016110, -0.040293, 0.094366, 0.019629],
        [0.002764, -0.095657, -0.040373, 0.686240],
        [0.000000, 0.000000, 0.000000, 1.000000]
    ]
}
