{
    "1":[
        [0.083219, 0.002978, -0.008190, 0.038711],
        [0.007963, -0.057941, 0.059840, 0.006718],
        [-0.003541, -0.060294, -0.057908, 0.478572],
        [0.000000, 0.000000, 0.000000, 1.000000]
    ],
    "2":[
        [0.083219, 0.002978, -0.008190, 0.038711],
        [0.007963, -0.057941, 0.059840, 0.006718],
        [-0.003541, -0.060294, -0.057908, 0.478572],
        [0.000000, 0.000000, 0.000000, 1.000000]
    ]
}
