{
    "1":[
        [0.182278, 0.054811, -0.209954, -0.194918],
        [0.187897, -0.177016, 0.116918, -0.136534],
        [-0.108529, -0.214408, -0.150198, 0.839777],
        [0.000000, 0.000000, 0.000000, 1.000000]
    ],
    "2":[
        [0.074792, 0.001240, 0.040602, 0.011250],
        [-0.020525, -0.072259, 0.040017, 0.037265],
        [0.035054, -0.044956, -0.063199, 0.753398],
        [0.000000, 0.000000, 0.000000, 1.000000]
    ]
}
