{
    "1":[
        [0.152866, 0.010700, 0.060033, -0.069899],
        [-0.035440, -0.116271, 0.110960, -0.060517],
        [0.049625, -0.115989, -0.105692, 0.542919],
        [0.000000, 0.000000, 0.000000, 1.000000]
    ],
    "2":[
        [0.128594, -0.036253, 0.041170, -0.046396],
        [-0.054540, -0.095784, 0.086006, -0.038859],
        [0.005905, -0.095169, -0.102244, 0.583872],
        [0.000000, 0.000000, 0.000000, 1.000000]
    ]
}
