{
    "1":[
        [0.056386, 0.012674, 0.056419, 0.009968],
        [-0.028286, -0.062682, 0.042355, 0.031578],
        [0.050434, -0.049329, -0.039323, 0.532635],
        [0.000000, 0.000000, 0.000000, 1.000000]
    ],
    "2":[
        [0.076965, -0.002485, 0.042753, 0.020216],
        [-0.032690, -0.060207, 0.055355, 0.022724],
        [0.027664, -0.064238, -0.053534, 0.497008],
        [0.000000, 0.000000, 0.000000, 1.000000]
    ],
    "3":[
        [0.060491, 0.005548, 0.046951, 0.018003],
        [-0.017541, -0.068167, 0.030658, 0.031533],
        [0.043903, -0.034883, -0.052443, 0.504925],
        [0.000000, 0.000000, 0.000000, 1.000000]
    ]
}
