{
    "1":[
        [0.117090, 0.012216, -0.067116, -0.100514],
        [0.050116, -0.105862, 0.068161, -0.020154],
        [-0.046285, -0.083714, -0.095987, 0.583078],
        [0.000000, 0.000000, 0.000000, 1.000000]
    ],
    "2":[
        [0.114115, -0.007773, -0.105631, -0.074580],
        [0.069086, -0.112236, 0.082893, -0.050100],
        [-0.080284, -0.107626, -0.078813, 0.570088],
        [0.000000, 0.000000, 0.000000, 1.000000]
    ],
    "3":[
        [0.123139, 0.006382, -0.075991, -0.093486],
        [0.044769, -0.122998, 0.062043, -0.024168],
        [-0.061736, -0.076136, -0.106507, 0.561707],
        [0.000000, 0.000000, 0.000000, 1.000000]
    ]

    
}
