{
    "1":[
        [0.132871, 0.002814, 0.046851, -0.009356],
        [-0.031871, -0.097852, 0.096263, -0.044403],
        [0.034457, -0.101362, -0.091628, 0.555679],
        [0.000000, 0.000000, 0.000000, 1.000000]
    ],
    "2":[
        [0.118649, -0.002454, 0.056018, -0.013998],
        [-0.034898, -0.105850, 0.069277, -0.025735],
        [0.043889, -0.077531, -0.096354, 0.560634],
        [0.000000, 0.000000, 0.000000, 1.000000]
    ],
    "3":[
        [0.121754, -0.007053, 0.026430, -0.019587],
        [-0.023690, -0.087469, 0.085792, -0.032285],
        [0.013678, -0.088722, -0.086681, 0.560686],
        [0.000000, 0.000000, 0.000000, 1.000000]
    ]
}
