{
    "1":[
        [0.142099, -0.008550, -0.014417, 0.027462],
        [0.003756, -0.103708, 0.098507, -0.023847],
        [-0.016337, -0.098208, -0.102769, 0.573135],
        [0.000000, 0.000000, 0.000000, 1.000000]
    ],
    "2":[
        [0.138539, -0.024463, -0.014293, 0.028621],
        [-0.006509, -0.096919, 0.102762, -0.023332],
        [-0.027575, -0.100021, -0.096079, 0.592315],
        [0.000000, 0.000000, 0.000000, 1.000000]
    ],
    "3":[
        [0.149017, -0.000537, -0.024847, 0.030879],
        [0.016108, -0.112947, 0.099031, -0.034586],
        [-0.018929, -0.100332, -0.111350, 0.589447],
        [0.000000, 0.000000, 0.000000, 1.000000]
    ]
}
