{
    "1":[
        [0.076006, 0.003281, -0.023815, -0.061204],
        [0.021743, -0.043066, 0.063462, 0.058414],
        [-0.010253, -0.067003, -0.041956, 0.580783],
        [0.000000, 0.000000, 0.000000, 1.000000]
    ],
    "2":[
        [0.075455, -0.003050, -0.040184, -0.054098],
        [0.031804, -0.047879, 0.063354, 0.067040],
        [-0.024750, -0.070823, -0.041099, 0.586150],
        [0.000000, 0.000000, 0.000000, 1.000000]
    ],
    "3":[
        [0.076046, -0.001953, -0.038164, -0.075544],
        [0.028293, -0.054258, 0.059153, 0.058858],
        [-0.025687, -0.065541, -0.047832, 0.583750],
        [0.000000, 0.000000, 0.000000, 1.000000]
    ]
}
