{
    "1":[
        [0.195565, -0.006184, 0.001512, 0.043285],
        [-0.005324, -0.133377, 0.143066, -0.030310],
        [-0.003491, -0.143031, -0.133476, 0.543301],
        [0.000000, 0.000000, 0.000000, 1.000000]
    ],
    "2":[
        [0.168740, -0.010310, 0.004127, 0.056766],
        [-0.009990, -0.113455, 0.124997, -0.023805],
        [-0.004853, -0.124971, -0.113820, 0.541653],
        [0.000000, 0.000000, 0.000000, 1.000000]
    ],
    "3":[
        [0.165818, -0.014213, -0.016000, 0.066249],
        [0.003937, -0.102605, 0.131947, -0.037607],
        [-0.021036, -0.131239, -0.101427, 0.540928],
        [0.000000, 0.000000, 0.000000, 1.000000]
    ],
    "4":[
        [0.203002, -0.000639, 0.002163, 0.043806],
        [-0.001768, -0.161622, 0.122841, -0.022023],
        [0.001346, -0.122859, -0.161603, 0.527855],
        [0.000000, 0.000000, 0.000000, 1.000000]
    ]
}
